Data Transakcji;Konto;Oddzia³; Sumy Kwot 
2011-03-29;61510;150;42 455,00 z³
2016-07-29;61520;150;55,07 z³
2015-10-03;61530;150;22 190,00 z³
2014-06-05;61540;150;0,29 z³
2015-11-18;61550;150;48,02 z³
2011-10-18;61560;150;12 785,00 z³
2009-10-25;61570;150;77,04 z³
2010-02-12;62010;150;305,95 z³
2014-10-29;62020;150;95,15 z³
2016-07-12;62099;150;29 068,00 z³
2014-08-27;62510;120;56,74 z³
2010-04-12;62520;120;41,22 z³
2015-08-04;62530;120;17 593,00 z³
2013-03-21;62550;120;35 643,00 z³
2016-09-12;62560;120;0,46 z³
2009-08-25;63050;150;42 917,00 z³
2012-01-19;64000;150;186,76 z³
2013-11-17;64010;150;13,73 z³
2012-04-30;64020;150;23 833,00 z³
2015-04-05;65540;110;68,36 z³
2014-02-23;65550;110;26 146,00 z³
2010-08-28;65590;110;14 336,00 z³
2010-03-03;65600;110;14,99 z³
2016-10-18;65610;110;42 494,00 z³
2016-11-14;65690;110;14,50 z³
2012-05-13;65700;110;26 755,00 z³
2013-02-03;65710;110;632,18 z³
2015-11-14;65730;110;16,88 z³
2017-03-12;65740;110;465,59 z³
2012-05-25;65750;110;716,05 z³
2014-03-13;65760;110;42 497,00 z³
2009-12-29;66010;130;0,78 z³
2014-08-03;66020;130;25 143,00 z³
2011-06-05;66030;130;0,64 z³
2017-04-23;66040;130;42 370,00 z³
2016-02-27;66050;130;45,84 z³
2013-02-24;66070;130;44 562,00 z³
2012-11-30;66080;130;0,85 z³
2016-07-14;66100;130;42 588,00 z³
2013-01-27;66110;130;0,68 z³
2016-11-17;66120;130;19 391,00 z³
2015-01-02;66130;130;82,27 z³
2013-01-26;66510;140;18 050,00 z³
2010-11-14;66520;140;42 494,00 z³
2017-06-26;66530;140;14 336,00 z³
2012-10-16;68050;170;29 618,00 z³
2016-08-29;61510;150;42 455,00 z³
2013-05-21;61520;150;55,07 z³
2015-06-23;61530;150;22 190,00 z³
2012-11-17;61540;150;0,29 z³
2015-06-23;61550;150;48,02 z³
2015-04-13;61560;150;12 785,00 z³
2011-09-11;61570;150;77,04 z³
2017-03-26;62010;150;305,95 z³
2015-02-20;62020;150;95,15 z³
2014-10-01;62099;150;29 068,00 z³
2015-01-22;62510;120;56,74 z³
2012-08-08;62520;120;41,22 z³
2010-12-01;62530;120;17 593,00 z³
2014-01-20;62550;120;35 643,00 z³
2015-08-09;62560;120;0,46 z³
2010-08-06;63050;150;42 917,00 z³
2013-02-06;64000;150;186,76 z³
2016-06-13;64010;150;13,73 z³
2014-09-24;64020;150;23 833,00 z³
2012-06-23;65540;110;68,36 z³
2016-04-23;65550;110;26 146,00 z³
2011-10-21;65590;110;14 336,00 z³
2010-12-15;65600;110;14,99 z³
2015-08-01;65610;110;42 494,00 z³
2013-05-19;65690;110;14,50 z³
2012-10-11;65700;110;26 755,00 z³
2010-12-02;65710;110;632,18 z³
2015-08-22;65730;110;16,88 z³
2016-11-06;65740;110;465,59 z³
2012-04-03;65750;110;716,05 z³
2011-02-04;65760;110;42 497,00 z³
2016-01-20;66010;130;0,78 z³
2011-10-26;66020;130;25 143,00 z³
2011-02-21;66030;130;0,64 z³
2016-02-08;66040;130;42 370,00 z³
2012-07-21;66050;130;45,84 z³
2011-10-24;66070;130;44 562,00 z³
2010-09-08;66080;130;0,85 z³
2009-09-25;66100;130;42 588,00 z³
2010-06-15;66110;130;0,68 z³
2014-06-15;66120;130;19 391,00 z³
2016-07-25;66130;130;82,27 z³
2017-05-27;66510;140;18 050,00 z³
2012-09-04;66520;140;42 494,00 z³
2010-10-20;66530;140;14 336,00 z³
2016-09-08;68050;170;29 618,00 z³
2015-02-02;71010;120;554,74 z³
2009-12-19;71020;120;187,93 z³
2009-11-03;71030;120;28,97 z³
2013-12-26;71050;120;97,56 z³
2014-03-10;71060;120;52,84 z³
2016-03-12;71070;120;24 167,00 z³
2017-04-06;71160;150;14,73 z³
2016-03-01;71170;150;115,05 z³
2014-06-27;71180;150;16,31 z³
2016-05-18;71190;150;52,15 z³
2014-04-13;71200;150;114,26 z³
2011-11-22;71240;150;330,21 z³
2015-07-13;71299;150;42 688,00 z³
2009-08-22;71310;150;968,10 z³
2016-07-21;71325;150;461,13 z³
2016-01-08;71550;150;105,06 z³
2009-12-05;71560;150;13,86 z³
2009-09-22;71900;170;42 606,00 z³
2013-11-23;72010;110; 1,672,90  
2013-10-23;72020;110; 2,839,08  
2016-11-16;72050;140;162,25 z³
2016-07-24;72060;150; 2,349,53  
2012-09-15;72070;150; 2,728,27  
2013-01-18;72090;150;672,67 z³
2013-05-08;72110;160; 2,723,06  
2015-07-12;72120;160; 2,495,99  
2015-12-19;72140;160; 1,088,49  
2017-03-28;72150;165; 1,171,30  
2011-05-13;72160;170; 1,035,78  
2015-11-14;72340;110;636,00 z³
2015-11-11;72340;150;14,75 z³
2017-01-20;72340;160;165,25 z³
2011-04-06;72340;165;39,75 z³
2015-05-20;72999;150;259,38 z³
2016-07-31;73010;110;437,91 z³
2011-11-15;73010;140;8,00 z³
2011-01-10;73010;150;407,20 z³
2013-06-13;73010;160;614,96 z³
2013-11-23;73010;165;129,67 z³
2016-02-01;73010;170;20,60 z³
2010-01-16;73020;110;227,54 z³
2012-09-22;73020;140;4,00 z³
2013-09-13;73020;150;237,68 z³
2011-11-21;73020;160;312,72 z³
2009-08-16;73020;165;66,14 z³
2009-09-06;73020;170;38,50 z³
2009-11-18;73030;110;470,58 z³
2015-04-01;73030;150;287,47 z³
2014-09-03;73030;160;510,47 z³
2011-07-07;73030;165;108,48 z³
2015-04-08;73030;170;42,52 z³
2016-11-28;73040;110;166,50 z³
2012-11-29;73040;150;129,00 z³
2012-08-25;73040;160;126,00 z³
2009-11-01;73040;165;40,50 z³
2016-10-30;73050;110;75,37 z³
2013-08-14;73050;140;18 264,00 z³
2015-11-05;73050;150;77,07 z³
2014-09-25;73050;160;100,87 z³
2012-09-02;73050;165;16,34 z³
2015-12-13;73050;170;42 378,00 z³
2009-09-27;80990;110; 3,339,19  
2012-11-22;81010;160;107,50 z³
2012-11-29;81050;160;501,80 z³
2011-07-27;81090;160;167,03 z³
2012-11-04;81100;160;122,10 z³
2015-04-10;81110;160;75,52 z³
2009-09-07;81130;160;71,03 z³
2013-04-09;81140;160;249,79 z³
2011-05-03;81170;160;18,72 z³
2014-09-29;81180;160;248,91 z³
2012-09-20;81190;160;41 365,00 z³
2012-04-30;81200;160;181,04 z³
2012-08-20;81210;160;407,94 z³
2010-05-26;81220;160;38,76 z³
2016-11-06;81230;160;30,44 z³
2015-02-01;81250;160;22,25 z³
2014-09-19;81260;160;33 117,00 z³
2011-08-16;81270;160;351,80 z³
2017-09-04;81280;160;19,88 z³
2016-06-11;81350;160;28 795,00 z³
2011-12-17;81900;165;30,39 z³
2016-04-07;82040;130;42 524,00 z³
2016-12-05;82050;150;279,78 z³
2009-11-08;82060;170;478,71 z³
2015-05-24;83010;160;25,60 z³
2017-01-21;83010;170;22,44 z³
2012-05-16;83020;130;92,00 z³
2013-04-19;83020;160;298,07 z³
2011-02-20;83020;170;423,19 z³
2017-06-13;83030;150;243,04 z³
2011-11-16;83050;170;568,71 z³
2012-12-29;83060;170;173,03 z³
2014-11-29;83070;170;149,92 z³
2013-03-30;84020;130;286,50 z³
2010-03-27;84020;170;179,74 z³
2013-02-07;85010;170;115,89 z³
2014-09-11;85510;170;775,00 z³
2017-05-27;86010;110;172,19 z³
2010-01-02;86010;150;272,97 z³
2009-09-24;86010;160;56,89 z³
2011-04-29;86010;165;35 309,00 z³
2014-05-01;86010;170;36 404,00 z³
2013-09-01;86020;150;91,26 z³
2015-01-13;86030;110;42 064,00 z³
2009-09-14;86030;150;22,48 z³
2014-09-20;86040;110;777,17 z³
2016-01-16;86040;150;447,32 z³
2012-05-28;86050;110;434,45 z³
2009-12-15;86050;150;79,49 z³
2013-04-24;86050;160;99,37 z³
2013-06-19;86090;160;62,50 z³
2016-12-17;86100;110;216,20 z³
2012-08-12;86100;150;246,31 z³
2017-01-04;86100;160;68,01 z³
2010-10-20;86100;170;189,92 z³
2013-03-03;86180;140;23,75 z³
2012-10-05;86180;160;40,52 z³
2013-11-05;86200;150;36,81 z³
2017-03-03;86200;160;92,23 z³
2013-03-31;86260;120;67,95 z³
2013-02-11;86270;150;56,77 z³
2009-10-10;86280;150;74,92 z³
2010-06-25;86290;150;46,77 z³
2013-09-10;86310;150;56,20 z³
2013-04-19;86330;150;125,03 z³
2009-09-27;86350;150;25,62 z³
2014-01-27;86360;150;353,53 z³
2014-01-07;86400;170;0,04 z³
2017-06-24;86450;170;131,46 z³
2014-03-26;61510;150;42 455,00 z³
2009-07-10;61520;150;55,07 z³
2016-01-13;61530;150;22 190,00 z³
2017-08-18;61540;150;0,29 z³
2015-10-26;61550;150;48,02 z³
2011-11-15;61560;150;12 785,00 z³
2016-07-22;61570;150;77,04 z³
2010-05-15;62010;150;305,95 z³
2010-05-01;62020;150;95,15 z³
2015-10-03;62099;150;29 068,00 z³
2016-10-05;62510;120;56,74 z³
2012-06-30;62520;120;41,22 z³
2009-10-07;62530;120;17 593,00 z³
2013-11-09;62550;120;35 643,00 z³
2011-09-06;62560;120;0,46 z³
2010-10-23;63050;150;42 917,00 z³
2015-08-12;64000;150;186,76 z³
2012-11-07;64010;150;13,73 z³
2016-03-19;64020;150;23 833,00 z³
2010-02-17;65540;110;68,36 z³
2011-12-29;65550;110;26 146,00 z³
2011-09-27;65590;110;14 336,00 z³
2010-10-18;65600;110;14,99 z³
2015-08-30;65610;110;42 494,00 z³
2017-05-14;65690;110;14,50 z³
2012-06-01;65700;110;26 755,00 z³
2013-01-14;65710;110;632,18 z³
2015-07-10;65730;110;16,88 z³
2010-05-01;65740;110;465,59 z³
2012-10-29;65750;110;716,05 z³
2017-02-13;65760;110;42 497,00 z³
2009-09-15;66010;130;0,78 z³
2010-12-24;66020;130;25 143,00 z³
2011-07-20;66030;130;0,64 z³
2014-10-11;66040;130;42 370,00 z³
2016-11-29;66050;130;45,84 z³
2016-06-30;66070;130;44 562,00 z³
2010-01-14;66080;130;0,85 z³
2011-02-26;66100;130;42 588,00 z³
2011-05-05;66110;130;0,68 z³
2010-03-16;66120;130;19 391,00 z³
2011-04-30;66130;130;82,27 z³
2015-02-08;66510;140;18 050,00 z³
2016-01-25;66520;140;42 494,00 z³
2017-07-03;66530;140;14 336,00 z³
2013-04-07;68050;170;29 618,00 z³
2016-03-09;61510;150;34,71 z³
2012-12-17;61520;150;73,43 z³
2011-04-18;61530;150;14,14 z³
2009-07-21;61540;150;0,39 z³
2010-05-09;61550;150;64,03 z³
2011-09-03;61560;150;29 221,00 z³
2011-07-27;61570;150;102,72 z³
2017-08-07;62010;150;407,93 z³
2014-11-15;62020;150;126,87 z³
2014-04-29;62099;150;26 969,00 z³
2014-12-28;62510;120;75,66 z³
2012-11-18;62520;120;54,96 z³
2011-05-27;62530;120;23 102,00 z³
2013-02-26;62550;120;35 370,00 z³
2016-11-08;62560;120;0,61 z³
2014-12-13;63050;150;20 699,00 z³
2010-05-31;64000;150;249,02 z³
2011-06-12;64010;150;18,31 z³
2015-08-11;64020;150;43 983,00 z³
2011-03-19;65540;110;91,15 z³
2012-10-09;65550;110;22 586,00 z³
2012-07-12;65590;110;31 168,00 z³
2015-05-10;65600;110;19,98 z³
2015-02-18;65610;110;14 732,00 z³
2014-07-19;65690;110;19,33 z³
2012-12-03;65700;110;11 475,00 z³
2009-12-08;65710;110;842,91 z³
2011-12-20;65730;110;22,50 z³
2012-10-29;65740;110;620,79 z³
2017-04-05;65750;110;954,73 z³
2013-08-07;65760;110;14 855,00 z³
2016-07-26;66010;130;42 461,00 z³
2011-08-09;66020;130;15,57 z³
2011-04-29;66030;130;0,86 z³
2015-05-20;66040;130;12 785,00 z³
2014-01-25;66050;130;61,13 z³
2010-03-31;66070;130;22 647,00 z³
2013-12-05;66080;130;41 275,00 z³
2013-07-12;66100;130;42 651,00 z³
2009-10-04;66110;130;0,90 z³
2009-12-04;66120;130;13 940,00 z³
2011-02-28;66130;130;109,69 z³
2009-11-04;66510;140;24 320,00 z³
2011-03-24;66520;140;14 732,00 z³
2014-08-04;66530;140;31 168,00 z³
2017-06-24;68050;170;27 454,00 z³
2010-01-11;61510;150;20,13 z³
2010-12-10;61520;150;42,59 z³
2011-03-15;61530;150;44 044,00 z³
2016-07-30;61540;150;0,22 z³
2013-06-04;61550;150;37,13 z³
2016-12-29;61560;150;42 461,00 z³
2013-02-06;61570;150;59,57 z³
2015-12-06;62010;150;236,60 z³
2015-09-02;62020;150;73,59 z³
2012-10-10;62099;150;29 373,00 z³
2010-03-14;62510;120;43,88 z³
2011-10-13;62520;120;31,88 z³
2017-01-31;62530;120;25 235,00 z³
2012-06-18;62550;120;34 121,00 z³
2009-10-01;62560;120;0,35 z³
2010-08-09;63050;150;20 210,00 z³
2016-02-09;64000;150;144,43 z³
2010-05-12;64010;150;22 920,00 z³
2009-07-08;64020;150;21 976,00 z³
2011-06-03;65540;110;52,87 z³
2016-12-12;65550;110;26 816,00 z³
2014-01-16;65590;110;14 305,00 z³
2015-10-09;65600;110;21 855,00 z³
2010-01-28;65610;110;41 334,00 z³
2012-12-22;65690;110;44 501,00 z³
2016-07-23;65700;110;24 167,00 z³
2011-03-26;65710;110;488,89 z³
2016-05-29;65730;110;42 503,00 z³
2011-06-19;65740;110;360,06 z³
2012-03-07;65750;110;553,74 z³
2011-10-02;65760;110;16 558,00 z³
2015-02-18;66010;130;0,60 z³
2015-11-25;66020;130;42 438,00 z³
2017-07-03;66030;130;0,50 z³
2017-03-14;66040;130;0,78 z³
2016-04-29;66050;130;35,45 z³
2010-01-13;66070;130;0,94 z³
2010-01-21;66080;130;0,65 z³
2013-12-18;66100;130;25 659,00 z³
2010-12-03;66110;130;0,52 z³
2010-12-02;66120;130;35 065,00 z³
2011-06-10;66130;130;63,62 z³
2012-12-02;66510;140;42 405,00 z³
2016-10-18;66520;140;41 334,00 z³
2016-08-24;66530;140;14 305,00 z³
2014-03-15;68050;170;43 132,00 z³
2014-05-13;61510;150;18,74 z³
2014-09-03;61520;150;39,65 z³
2010-01-01;61530;150;23 193,00 z³
2011-03-27;61540;150;0,21 z³
2009-09-06;61550;150;34,57 z³
2017-04-26;61560;150;0,97 z³
2016-06-06;61570;150;55,47 z³
2011-08-09;62010;150;220,28 z³
2010-01-24;62020;150;68,51 z³
2015-10-06;62099;150;12 206,00 z³
2010-04-10;62510;120;40,85 z³
2016-08-09;62520;120;29,68 z³
2010-06-26;62530;120;18 295,00 z³
2015-02-21;62550;120;16 589,00 z³
2016-09-08;62560;120;0,33 z³
2011-04-30;63050;150;42 491,00 z³
2011-07-24;64000;150;134,47 z³
2012-12-08;64010;150;32 752,00 z³
2014-03-02;64020;150;12 844,00 z³
2014-05-22;65540;110;49,22 z³
2012-08-03;65550;110;46 539,00 z³
2014-06-21;65590;110;42 430,00 z³
2013-07-05;65600;110;29 129,00 z³
2011-05-22;65610;110;33 635,00 z³
2017-07-07;65690;110;16 346,00 z³
2012-08-28;65700;110;15 036,00 z³
2015-05-30;65710;110;455,17 z³
2011-07-11;65730;110;42 339,00 z³
2009-08-15;65740;110;335,23 z³
2016-09-04;65750;110;515,55 z³
2013-06-24;65760;110;42 556,00 z³
2013-09-25;66010;130;0,56 z³
2016-11-25;66020;130;15 189,00 z³
2010-04-06;66030;130;0,46 z³
2012-02-24;66040;130;0,73 z³
2016-05-08;66050;130;33,01 z³
2009-10-31;66070;130;0,87 z³
2017-03-16;66080;130;0,61 z³
2015-11-01;66100;130;13 606,00 z³
2014-10-19;66110;130;0,49 z³
2011-07-28;66120;130;29 952,00 z³
2013-07-29;66130;130;59,23 z³
2010-09-22;66510;140;24 563,00 z³
2013-10-16;66520;140;33 635,00 z³
2016-05-18;66530;140;42 430,00 z³
2011-11-10;68050;170;42 431,00 z³
2011-03-11;61510;150;18,74 z³
2015-11-08;61520;150;39,65 z³
2013-02-24;61530;150;23 193,00 z³
2015-07-03;61540;150;0,21 z³
2009-07-29;61550;150;34,57 z³
2015-03-15;61560;150;0,97 z³
2009-11-16;61570;150;55,47 z³
2014-04-21;62010;150;220,28 z³
2013-07-29;62020;150;68,51 z³
2010-07-17;62099;150;12 206,00 z³
2012-02-28;62510;120;40,85 z³
2017-08-10;62520;120;29,68 z³
2015-02-19;62530;120;18 295,00 z³
2013-06-17;62550;120;16 589,00 z³
2014-03-24;62560;120;0,33 z³
2012-03-06;63050;150;42 491,00 z³
2011-08-15;64000;150;134,47 z³
2013-07-13;64010;150;32 752,00 z³
2013-09-22;64020;150;12 844,00 z³
2011-07-24;65540;110;49,22 z³
2012-01-18;65550;110;46 539,00 z³
2013-02-16;65590;110;42 430,00 z³
2014-11-11;65600;110;29 129,00 z³
2011-11-11;65610;110;33 635,00 z³
2010-03-03;65690;110;16 346,00 z³
2011-02-01;65700;110;15 036,00 z³
2016-12-16;65710;110;455,17 z³
2013-01-04;65730;110;42 339,00 z³
2010-12-23;65740;110;335,23 z³
2011-05-31;65750;110;515,55 z³
2011-05-04;65760;110;42 556,00 z³
2015-08-29;66010;130;0,56 z³
2015-06-23;66020;130;15 189,00 z³
2011-11-29;66030;130;0,46 z³
2014-12-25;66040;130;0,73 z³
2014-05-14;66050;130;33,01 z³
2017-06-04;66070;130;0,87 z³
2012-01-29;66080;130;0,61 z³
2017-05-13;66100;130;13 606,00 z³
2015-02-14;66110;130;0,49 z³
2011-06-12;66120;130;29 952,00 z³
2009-10-23;66130;130;59,23 z³
2017-05-15;66510;140;24 563,00 z³
2012-08-02;66520;140;33 635,00 z³
2013-09-04;66530;140;42 430,00 z³
2012-04-17;68050;170;42 431,00 z³
2013-12-16;61510;150;18,74 z³
2013-11-03;61520;150;39,65 z³
2014-10-12;61530;150;23 193,00 z³
2014-09-14;61540;150;0,21 z³
2015-09-16;61550;150;34,57 z³
2016-06-04;61560;150;0,97 z³
2017-01-30;61570;150;55,47 z³
2017-02-11;62010;150;220,28 z³
2015-04-20;62020;150;68,51 z³
2013-08-21;62099;150;12 206,00 z³
2016-07-16;62510;120;40,85 z³
2013-03-09;62520;120;29,68 z³
2017-08-17;62530;120;18 295,00 z³
2015-06-10;62550;120;16 589,00 z³
2013-07-13;62560;120;0,33 z³
2013-02-03;63050;150;42 491,00 z³
2017-04-21;64000;150;134,47 z³
2009-07-24;64010;150;32 752,00 z³
2017-02-07;64020;150;12 844,00 z³
2010-11-23;65540;110;49,22 z³
2009-09-02;65550;110;46 539,00 z³
2015-04-24;65590;110;42 430,00 z³
2016-01-05;65600;110;29 129,00 z³
2015-08-26;65610;110;33 635,00 z³
2012-04-15;65690;110;16 346,00 z³
2017-08-31;65700;110;15 036,00 z³
2017-04-02;65710;110;455,17 z³
2015-01-16;65730;110;42 339,00 z³
2011-07-22;65740;110;335,23 z³
2012-10-13;65750;110;515,55 z³
2011-12-22;65760;110;42 556,00 z³
2015-11-17;66010;130;0,56 z³
2012-11-20;66020;130;15 189,00 z³
2016-02-20;66030;130;0,46 z³
2009-10-17;66040;130;0,73 z³
2010-01-14;66050;130;33,01 z³
2016-12-14;66070;130;0,87 z³
2014-08-03;66080;130;0,61 z³
2014-08-17;66100;130;13 606,00 z³
2013-05-07;66110;130;0,49 z³
2012-12-02;66120;130;29 952,00 z³
2010-03-07;66130;130;59,23 z³
2010-06-29;66510;140;24 563,00 z³
2013-05-24;66520;140;33 635,00 z³
2013-07-14;66530;140;42 430,00 z³
2014-07-15;68050;170;42 431,00 z³
2017-01-26;61510;150;18,74 z³
2009-09-08;61520;150;39,65 z³
2012-09-17;61530;150;23 193,00 z³
2010-04-14;61540;150;0,21 z³
2012-12-31;61550;150;34,57 z³
2012-04-30;61560;150;0,97 z³
2016-12-23;61570;150;55,47 z³
2016-05-18;62010;150;220,28 z³
2015-07-20;62020;150;68,51 z³
2009-11-30;62099;150;12 206,00 z³
2016-02-21;62510;120;40,85 z³
2011-01-23;62520;120;29,68 z³
2009-08-08;62530;120;18 295,00 z³
2014-05-24;62550;120;16 589,00 z³
2009-09-28;62560;120;0,33 z³
2010-06-25;63050;150;42 491,00 z³
2012-08-02;64000;150;134,47 z³
2016-06-13;64010;150;32 752,00 z³
2012-04-25;64020;150;12 844,00 z³
2017-02-15;65540;110;49,22 z³
2014-12-16;65550;110;46 539,00 z³
2016-11-14;65590;110;42 430,00 z³
2017-08-12;65600;110;29 129,00 z³
2016-11-07;65610;110;33 635,00 z³
2012-11-21;65690;110;16 346,00 z³
2013-06-17;65700;110;15 036,00 z³
2009-12-11;65710;110;455,17 z³
2012-04-21;65730;110;42 339,00 z³
2015-10-05;65740;110;335,23 z³
2009-12-27;65750;110;515,55 z³
2012-01-26;65760;110;42 556,00 z³
2011-08-01;66010;130;0,56 z³
2010-03-19;66020;130;15 189,00 z³
2012-04-03;66030;130;0,46 z³
2011-04-23;66040;130;0,73 z³
2017-09-14;66050;130;33,01 z³
2012-07-26;66070;130;0,87 z³
2015-10-15;66080;130;0,61 z³
2015-10-22;66100;130;13 606,00 z³
2012-09-10;66110;130;0,49 z³
2010-12-27;66120;130;29 952,00 z³
2015-09-11;66130;130;59,23 z³
2014-03-16;66510;140;24 563,00 z³
2010-05-31;66520;140;33 635,00 z³
2016-06-06;66530;140;42 430,00 z³
2012-10-26;68050;170;42 431,00 z³
2016-09-22;71010;120;399,41 z³
2011-11-16;71020;120;135,31 z³
2012-11-25;71030;120;20,86 z³
2013-04-15;71050;120;70,24 z³
2011-12-05;71060;120;38,04 z³
2015-01-04;71070;120;23 408,00 z³
2014-08-24;71160;150;22 555,00 z³
2013-01-22;71170;150;82,84 z³
2016-05-05;71180;150;27 699,00 z³
2011-04-10;71190;150;37,55 z³
2015-09-15;71200;150;82,27 z³
2013-02-04;71240;150;237,75 z³
2010-11-22;71299;150;42 644,00 z³
2012-07-19;71310;150;697,03 z³
2012-09-15;71325;150;332,02 z³
2010-06-12;71550;150;75,65 z³
2010-03-04;71560;150;36 039,00 z³
2011-05-01;71900;170;17,33 z³
2010-12-03;72010;110; 1,204,49  
2013-05-14;72020;110; 2,044,14  
2016-11-27;72050;140;116,82 z³
2014-05-07;72060;150; 1,691,66  
2012-11-21;72070;150; 1,964,35  
2016-02-21;72090;150;484,32 z³
2016-03-09;72110;160; 1,960,60  
2014-07-07;72120;160; 1,797,11  
2013-06-12;72140;160;783,71 z³
2011-04-12;72150;165;843,34 z³
2011-08-28;72160;170;745,76 z³
2010-08-30;72340;110;457,92 z³
2011-08-29;72340;150;22 920,00 z³
2013-05-04;72340;160;118,98 z³
2014-03-13;72340;165;28,62 z³
2011-04-21;72999;150;186,76 z³
2015-10-09;73010;110;315,30 z³
2016-04-23;73010;140;27 881,00 z³
2014-11-04;73010;150;293,18 z³
2016-12-30;73010;160;442,77 z³
2010-04-30;73010;165;93,36 z³
2015-10-06;73010;170;14,83 z³
2016-12-31;73020;110;163,83 z³
2012-07-17;73020;140;32 174,00 z³
2009-12-13;73020;150;171,13 z³
2015-12-16;73020;160;225,16 z³
2013-07-26;73020;165;47,62 z³
2010-10-21;73020;170;27,72 z³
2013-06-25;73030;110;338,81 z³
2009-12-18;73030;150;206,97 z³
2015-09-15;73030;160;367,53 z³
2017-02-22;73030;165;78,11 z³
2016-03-06;73030;170;30,61 z³
2015-01-18;73040;110;119,88 z³
2014-10-15;73040;150;92,88 z³
2017-05-30;73040;160;90,72 z³
2016-01-18;73040;165;29,16 z³
2012-07-17;73050;110;54,26 z³
2013-12-25;73050;140;42 583,00 z³
2015-10-31;73050;150;55,49 z³
2013-03-25;73050;160;72,63 z³
2011-12-19;73050;165;28 430,00 z³
2017-02-07;73050;170;18 050,00 z³
2013-04-13;80990;110; 2,404,22  
2012-02-18;81010;160;77,40 z³
2016-04-18;81050;160;361,30 z³
2016-11-05;81090;160;120,26 z³
2016-08-18;81100;160;87,91 z³
2016-03-03;81110;160;54,37 z³
2009-10-22;81130;160;51,14 z³
2010-01-05;81140;160;179,85 z³
2010-04-23;81170;160;13,48 z³
2016-09-01;81180;160;179,22 z³
2013-04-17;81190;160;35 462,00 z³
2017-09-04;81200;160;130,35 z³
2014-07-01;81210;160;293,71 z³
2016-09-17;81220;160;27,91 z³
2012-08-26;81230;160;21,91 z³
2009-11-01;81250;160;42 416,00 z³
2014-06-05;81260;160;41 456,00 z³
2009-12-16;81270;160;253,29 z³
2010-03-31;81280;160;14,31 z³
2011-11-03;81350;160;17 746,00 z³
2011-01-22;81900;165;21,88 z³
2012-12-07;82040;130;43 862,00 z³
2012-07-29;82050;150;201,44 z³
2014-05-31;82060;170;344,67 z³
2012-01-14;83010;160;18,43 z³
2013-11-13;83010;170;16,16 z³
2014-07-22;83020;130;66,24 z³
2017-08-23;83020;160;214,61 z³
2013-02-04;83020;170;304,70 z³
2013-11-22;83030;150;174,99 z³
2013-07-31;83050;170;409,47 z³
2017-01-30;83060;170;124,58 z³
2014-05-06;83070;170;107,94 z³
2014-09-01;84020;130;206,28 z³
2010-09-21;84020;170;129,41 z³
2012-10-26;85010;170;83,44 z³
2015-11-06;85510;170;558,00 z³
2010-11-15;86010;110;123,98 z³
2014-12-17;86010;150;196,54 z³
2011-10-06;86010;160;40,96 z³
2013-06-28;86010;165;42 917,00 z³
2012-09-08;86010;170;43 647,00 z³
2012-10-12;86020;150;65,71 z³
2012-04-02;86030;110;46 419,00 z³
2017-06-17;86030;150;16,19 z³
2015-01-09;86040;110;559,56 z³
2012-05-19;86040;150;322,07 z³
2015-06-02;86050;110;312,81 z³
2012-08-04;86050;150;57,23 z³
2012-06-04;86050;160;71,55 z³
2009-09-02;86090;160;45,00 z³
2010-09-08;86100;110;155,67 z³
2010-08-21;86100;150;177,34 z³
2012-10-12;86100;160;48,97 z³
2015-04-17;86100;170;136,74 z³
2017-09-17;86180;140;42 660,00 z³
2016-05-18;86180;160;29,17 z³
2010-11-25;86200;150;26,50 z³
2009-09-01;86200;160;66,40 z³
2014-07-01;86260;120;48,92 z³
2015-01-16;86270;150;40,87 z³
2014-09-19;86280;150;53,94 z³
2010-06-18;86290;150;33,67 z³
2012-05-23;86310;150;40,46 z³
2013-06-18;86330;150;90,02 z³
2014-07-11;86350;150;18,45 z³
2010-03-30;86360;150;254,54 z³
2016-03-22;86400;170;0,03 z³
2015-10-14;86450;170;94,65 z³
2017-04-02;61510;150;18,74 z³
2015-11-13;61520;150;39,65 z³
2009-10-17;61530;150;23 193,00 z³
2015-04-29;61540;150;0,21 z³
2016-12-24;61550;150;34,57 z³
2015-10-18;61560;150;0,97 z³
2014-05-15;61570;150;55,47 z³
2010-07-25;62010;150;220,28 z³
2012-02-05;62020;150;68,51 z³
2015-10-09;62099;150;12 206,00 z³
2016-10-01;62510;120;40,85 z³
2010-10-25;62520;120;29,68 z³
2015-02-22;62530;120;18 295,00 z³
2015-01-27;62550;120;16 589,00 z³
2016-03-24;62560;120;0,33 z³
2012-09-23;63050;150;42 491,00 z³
2011-02-18;64000;150;134,47 z³
2016-07-07;64010;150;32 752,00 z³
2016-04-29;64020;150;12 844,00 z³
2010-08-01;65540;110;49,22 z³
2011-12-13;65550;110;46 539,00 z³
2014-12-10;65590;110;42 430,00 z³
2014-03-24;65600;110;29 129,00 z³
2014-08-22;65610;110;33 635,00 z³
2013-01-11;65690;110;16 346,00 z³
2012-08-08;65700;110;15 036,00 z³
2011-08-19;65710;110;455,17 z³
2013-06-02;65730;110;42 339,00 z³
2013-04-28;65740;110;335,23 z³
2014-07-26;65750;110;515,55 z³
2013-08-12;65760;110;42 556,00 z³
2015-05-17;66010;130;0,56 z³
2014-07-27;66020;130;15 189,00 z³
2011-05-13;66030;130;0,46 z³
2016-10-03;66040;130;0,73 z³
2012-09-04;66050;130;33,01 z³
2016-01-07;66070;130;0,87 z³
2015-12-23;66080;130;0,61 z³
2013-09-28;66100;130;13 606,00 z³
2015-05-27;66110;130;0,49 z³
2012-09-10;66120;130;29 952,00 z³
2016-06-06;66130;130;59,23 z³
2013-05-11;66510;140;24 563,00 z³
2013-06-03;66520;140;33 635,00 z³
2010-09-11;66530;140;42 430,00 z³
2015-05-17;68050;170;42 431,00 z³
2017-02-24;61510;150;24,99 z³
2009-10-06;61520;150;52,87 z³
2015-10-13;61530;150;43 374,00 z³
2016-01-24;61540;150;0,28 z³
2017-09-04;61550;150;46,10 z³
2016-11-21;61560;150;47 119,00 z³
2011-08-29;61570;150;73,95 z³
2014-08-20;62010;150;293,71 z³
2010-10-07;62020;150;91,35 z³
2011-07-06;62099;150;16 285,00 z³
2014-04-24;62510;120;54,47 z³
2012-08-13;62520;120;39,57 z³
2016-03-22;62530;120;12 479,00 z³
2016-07-15;62550;120;22 494,00 z³
2013-08-28;62560;120;0,44 z³
2013-01-16;63050;150;32 660,00 z³
2013-10-07;64000;150;179,29 z³
2014-07-20;64010;150;13,18 z³
2010-01-15;64020;150;17 258,00 z³
2010-03-08;65540;110;65,63 z³
2013-12-02;65550;110;13 363,00 z³
2010-09-19;65590;110;44 287,00 z³
2014-05-19;65600;110;14,39 z³
2011-12-17;65610;110;32 568,00 z³
2017-03-25;65690;110;13,92 z³
2012-10-27;65700;110;20 180,00 z³
2009-07-17;65710;110;606,89 z³
2017-01-14;65730;110;16,20 z³
2014-10-08;65740;110;446,97 z³
2012-08-04;65750;110;687,41 z³
2011-12-11;65760;110;27 912,00 z³
2015-05-03;66010;130;0,75 z³
2010-12-16;66020;130;44 501,00 z³
2013-02-25;66030;130;0,62 z³
2013-02-17;66040;130;0,97 z³
2016-08-04;66050;130;44,01 z³
2012-11-14;66070;130;42 736,00 z³
2014-07-13;66080;130;0,81 z³
2012-11-06;66100;130;30 437,00 z³
2011-10-15;66110;130;0,65 z³
2013-07-27;66120;130;15 738,00 z³
2014-06-27;66130;130;78,98 z³
2016-01-30;66510;140;45 078,00 z³
2013-09-05;66520;140;32 568,00 z³
2009-12-10;66530;140;44 287,00 z³
2014-03-19;68050;170;25 600,00 z³
2014-06-29;61510;150;20,13 z³
2013-11-24;61520;150;42,59 z³
2015-02-25;61530;150;44 044,00 z³
2014-10-04;61540;150;0,22 z³
2009-07-15;61550;150;37,13 z³
2016-11-04;61560;150;42 461,00 z³
2014-04-11;61570;150;59,57 z³
2011-03-06;62010;150;236,60 z³
2015-12-28;62020;150;73,59 z³
2014-01-25;62099;150;29 373,00 z³
2015-02-25;62510;120;43,88 z³
2017-07-27;62520;120;31,88 z³
2016-02-23;62530;120;25 235,00 z³
2010-03-03;62550;120;34 121,00 z³
2010-09-24;62560;120;0,35 z³
2017-05-30;63050;150;20 210,00 z³
2011-11-20;64000;150;144,43 z³
2013-10-30;64010;150;22 920,00 z³
2017-07-27;64020;150;21 976,00 z³
2013-04-01;65540;110;52,87 z³
2014-10-10;65550;110;26 816,00 z³
2017-04-21;65590;110;14 305,00 z³
2011-11-26;65600;110;21 855,00 z³
2013-02-17;65610;110;41 334,00 z³
2009-07-28;65690;110;44 501,00 z³
2013-05-26;65700;110;24 167,00 z³
2013-10-09;65710;110;488,89 z³
2009-11-08;65730;110;42 503,00 z³
2012-08-26;65740;110;360,06 z³
2013-02-22;65750;110;553,74 z³
2009-11-16;65760;110;16 558,00 z³
2016-04-24;66010;130;0,60 z³
2014-06-26;66020;130;42 438,00 z³
2012-02-13;66030;130;0,50 z³
2015-12-15;66040;130;0,78 z³
2016-04-12;66050;130;35,45 z³
2017-08-06;66070;130;0,94 z³
2015-05-20;66080;130;0,65 z³
2010-11-04;66100;130;25 659,00 z³
2010-01-21;66110;130;0,52 z³
2016-11-09;66120;130;35 065,00 z³
2012-08-08;66130;130;63,62 z³
2016-09-12;66510;140;42 405,00 z³
2010-11-25;66520;140;41 334,00 z³
2014-07-01;66530;140;14 305,00 z³
2011-08-02;68050;170;43 132,00 z³
2016-07-25;61510;150;18,74 z³
2013-06-03;61520;150;39,65 z³
2012-11-12;61530;150;23 193,00 z³
2009-07-07;61540;150;0,21 z³
2009-08-02;61550;150;34,57 z³
2014-09-12;61560;150;0,97 z³
2011-07-05;61570;150;55,47 z³
2016-01-17;62010;150;220,28 z³
2010-12-08;62020;150;68,51 z³
2014-05-08;62099;150;12 206,00 z³
2012-02-27;62510;120;40,85 z³
2014-04-19;62520;120;29,68 z³
2011-08-14;62530;120;18 295,00 z³
2014-05-05;62550;120;16 589,00 z³
2015-09-27;62560;120;0,33 z³
2015-09-26;63050;150;42 491,00 z³
2012-06-04;64000;150;134,47 z³
2012-12-15;64010;150;32 752,00 z³
2017-09-22;64020;150;12 844,00 z³
2009-10-20;65540;110;49,22 z³
2015-03-18;65550;110;46 539,00 z³
2012-01-06;65590;110;42 430,00 z³
2017-06-17;65600;110;29 129,00 z³
2011-06-03;65610;110;33 635,00 z³
2010-09-29;65690;110;16 346,00 z³
2011-10-12;65700;110;15 036,00 z³
2011-01-02;65710;110;455,17 z³
2010-12-18;65730;110;42 339,00 z³
2014-05-10;65740;110;335,23 z³
2012-09-29;65750;110;515,55 z³
2012-06-13;65760;110;42 556,00 z³
2011-08-14;66010;130;0,56 z³
2009-09-09;66020;130;15 189,00 z³
2015-11-10;66030;130;0,46 z³
2011-01-30;66040;130;0,73 z³
2016-07-13;66050;130;33,01 z³
2012-06-26;66070;130;0,87 z³
2016-04-01;66080;130;0,61 z³
2011-08-21;66100;130;13 606,00 z³
2014-05-12;66110;130;0,49 z³
2010-10-06;66120;130;29 952,00 z³
2010-11-28;66130;130;59,23 z³
2010-08-01;66510;140;24 563,00 z³
2016-07-12;66520;140;33 635,00 z³
2015-11-06;66530;140;42 430,00 z³
2011-08-16;68050;170;42 431,00 z³
2010-07-30;61510;150;18,74 z³
2011-08-17;61520;150;39,65 z³
2015-02-15;61530;150;23 193,00 z³
2017-06-16;61540;150;0,21 z³
2014-09-09;61550;150;34,57 z³
2015-01-04;61560;150;0,97 z³
2017-03-04;61570;150;55,47 z³
2009-12-02;62010;150;220,28 z³
2012-01-05;62020;150;68,51 z³
2013-08-16;62099;150;12 206,00 z³
2010-04-10;62510;120;40,85 z³
2009-11-04;62520;120;29,68 z³
2013-06-04;62530;120;18 295,00 z³
2017-07-13;62550;120;16 589,00 z³
2016-03-01;62560;120;0,33 z³
2011-01-16;63050;150;42 491,00 z³
2017-04-22;64000;150;134,47 z³
2013-03-23;64010;150;32 752,00 z³
2013-05-09;64020;150;12 844,00 z³
2011-06-25;65540;110;49,22 z³
2015-08-25;65550;110;46 539,00 z³
2017-08-07;65590;110;42 430,00 z³
2012-01-31;65600;110;29 129,00 z³
2017-07-04;65610;110;33 635,00 z³
2012-03-25;65690;110;16 346,00 z³
2014-12-03;65700;110;15 036,00 z³
2016-11-12;65710;110;455,17 z³
2016-06-02;65730;110;42 339,00 z³
2011-11-15;65740;110;335,23 z³
2009-09-29;65750;110;515,55 z³
2013-06-30;65760;110;42 556,00 z³
2015-06-30;66010;130;0,56 z³
2015-04-17;66020;130;15 189,00 z³
2010-06-22;66030;130;0,46 z³
2010-04-17;66040;130;0,73 z³
2011-06-14;66050;130;33,01 z³
2013-08-29;66070;130;0,87 z³
2015-11-18;66080;130;0,61 z³
2017-09-03;66100;130;13 606,00 z³
2016-02-12;66110;130;0,49 z³
2013-03-08;66120;130;29 952,00 z³
2013-02-15;66130;130;59,23 z³
2014-08-06;66510;140;24 563,00 z³
2014-02-28;66520;140;33 635,00 z³
2017-06-06;66530;140;42 430,00 z³
2009-08-09;68050;170;42 431,00 z³
2017-04-15;61510;150;18,74 z³
2011-08-07;61520;150;39,65 z³
2012-09-29;61530;150;23 193,00 z³
2013-07-06;61540;150;0,21 z³
2015-05-13;61550;150;34,57 z³
2012-04-06;61560;150;0,97 z³
2009-09-13;61570;150;55,47 z³
2016-10-13;62010;150;220,28 z³
2011-07-02;62020;150;68,51 z³
2010-03-29;62099;150;12 206,00 z³
2009-08-07;62510;120;40,85 z³
2011-02-08;62520;120;29,68 z³
2011-12-26;62530;120;18 295,00 z³
2016-01-19;62550;120;16 589,00 z³
2010-12-20;62560;120;0,33 z³
2009-12-12;63050;150;42 491,00 z³
2015-09-17;64000;150;134,47 z³
2017-04-02;64010;150;32 752,00 z³
2009-08-25;64020;150;12 844,00 z³
2015-05-05;65540;110;49,22 z³
2012-01-05;65550;110;46 539,00 z³
2014-11-02;65590;110;42 430,00 z³
2010-03-28;65600;110;29 129,00 z³
2012-10-13;65610;110;33 635,00 z³
2013-10-26;65690;110;16 346,00 z³
2009-07-19;65700;110;15 036,00 z³
2009-07-21;65710;110;455,17 z³
2015-07-23;65730;110;42 339,00 z³
2015-01-30;65740;110;335,23 z³
2014-03-21;65750;110;515,55 z³
2011-07-09;65760;110;42 556,00 z³
2009-08-27;66010;130;0,56 z³
2009-10-25;66020;130;15 189,00 z³
2016-07-06;66030;130;0,46 z³
2010-04-10;66040;130;0,73 z³
2010-06-03;66050;130;33,01 z³
2013-04-20;66070;130;0,87 z³
2015-05-03;66080;130;0,61 z³
2010-02-28;66100;130;13 606,00 z³
2010-03-03;66110;130;0,49 z³
2012-01-25;66120;130;29 952,00 z³
2016-07-26;66130;130;59,23 z³
2012-08-23;66510;140;24 563,00 z³
2012-12-13;66520;140;33 635,00 z³
2013-09-12;66530;140;42 430,00 z³
2016-05-09;68050;170;42 431,00 z³
2016-06-17;61510;150;18,74 z³
2011-01-17;61520;150;39,65 z³
2012-09-18;61530;150;23 193,00 z³
2014-06-28;61540;150;0,21 z³
2017-01-01;61550;150;34,57 z³
2014-05-10;61560;150;0,97 z³
2017-01-17;61570;150;55,47 z³
2013-06-08;62010;150;220,28 z³
2015-12-11;62020;150;68,51 z³
2014-04-26;62099;150;12 206,00 z³
2013-08-05;62510;120;40,85 z³
2016-04-03;62520;120;29,68 z³
2010-05-31;62530;120;18 295,00 z³
2009-12-23;62550;120;16 589,00 z³
2012-07-08;62560;120;0,33 z³
2016-06-08;63050;150;42 491,00 z³
2016-01-01;64000;150;134,47 z³
2013-03-27;64010;150;32 752,00 z³
2017-02-19;64020;150;12 844,00 z³
2010-03-06;65540;110;49,22 z³
2013-04-26;65550;110;46 539,00 z³
2017-03-29;65590;110;42 430,00 z³
2011-10-16;65600;110;29 129,00 z³
2015-10-10;65610;110;33 635,00 z³
2014-05-19;65690;110;16 346,00 z³
2017-01-13;65700;110;15 036,00 z³
2015-06-03;65710;110;455,17 z³
2010-12-12;65730;110;42 339,00 z³
2010-01-02;65740;110;335,23 z³
2011-10-20;65750;110;515,55 z³
2015-06-06;65760;110;42 556,00 z³
2012-02-11;66010;130;0,56 z³
2012-05-07;66020;130;15 189,00 z³
2016-01-09;66030;130;0,46 z³
2010-09-20;66040;130;0,73 z³
2016-11-02;66050;130;33,01 z³
2011-03-28;66070;130;0,87 z³
2015-11-04;66080;130;0,61 z³
2011-11-19;66100;130;13 606,00 z³
2016-03-05;66110;130;0,49 z³
2013-04-05;66120;130;29 952,00 z³
2013-05-14;66130;130;59,23 z³
2017-07-05;66510;140;24 563,00 z³
2015-11-07;66520;140;33 635,00 z³
2015-02-05;66530;140;42 430,00 z³
2014-07-31;68050;170;42 431,00 z³
2015-02-28;71010;120;399,41 z³
2011-06-07;71020;120;135,31 z³
2009-08-07;71030;120;20,86 z³
2011-09-23;71050;120;70,24 z³
2012-05-21;71060;120;38,04 z³
2015-04-06;71070;120;23 408,00 z³
2017-05-31;71160;150;22 555,00 z³
2016-05-22;71170;150;82,84 z³
2016-05-17;71180;150;27 699,00 z³
2016-02-05;71190;150;37,55 z³
2010-11-18;71200;150;82,27 z³
2011-03-07;71240;150;237,75 z³
2011-12-22;71299;150;42 644,00 z³
2013-09-22;71310;150;697,03 z³
2013-01-05;71325;150;332,02 z³
2009-09-26;71550;150;75,65 z³
2015-05-11;71560;150;36 039,00 z³
2012-01-23;71900;170;17,33 z³
2015-03-24;72010;110; 1,204,49  
2010-01-13;72020;110; 2,044,14  
2014-01-09;72050;140;116,82 z³
2015-02-01;72060;150; 1,691,66  
2014-10-18;72070;150; 1,964,35  
2012-04-20;72090;150;484,32 z³
2010-08-10;72110;160; 1,960,60  
2011-01-28;72120;160; 1,797,11  
2010-02-18;72140;160;783,71 z³
2014-02-14;72150;165;843,34 z³
2014-10-24;72160;170;745,76 z³
2011-04-07;72340;110;457,92 z³
2016-12-10;72340;150;22 920,00 z³
2009-12-08;72340;160;118,98 z³
2011-08-31;72340;165;28,62 z³
2012-06-22;72999;150;186,76 z³
2015-06-01;73010;110;315,30 z³
2013-04-30;73010;140;27 881,00 z³
2011-01-20;73010;150;293,18 z³
2013-04-26;73010;160;442,77 z³
2015-04-25;73010;165;93,36 z³
2009-12-21;73010;170;14,83 z³
2011-09-08;73020;110;163,83 z³
2013-07-04;73020;140;32 174,00 z³
2011-04-24;73020;150;171,13 z³
2014-09-15;73020;160;225,16 z³
2015-04-16;73020;165;47,62 z³
2016-09-10;73020;170;27,72 z³
2010-05-13;73030;110;338,81 z³
2010-04-28;73030;150;206,97 z³
2011-12-01;73030;160;367,53 z³
2009-10-02;73030;165;78,11 z³
2016-03-01;73030;170;30,61 z³
2016-02-24;73040;110;119,88 z³
2017-09-17;73040;150;92,88 z³
2010-06-20;73040;160;90,72 z³
2013-08-27;73040;165;29,16 z³
2010-10-04;73050;110;54,26 z³
2010-06-16;73050;140;42 583,00 z³
2016-06-05;73050;150;55,49 z³
2016-01-13;73050;160;72,63 z³
2017-08-25;73050;165;28 430,00 z³
2013-03-09;73050;170;18 050,00 z³
2009-09-19;80990;110; 2,404,22  
2015-04-12;81010;160;77,40 z³
2012-08-05;81050;160;361,30 z³
2010-12-11;81090;160;120,26 z³
2010-07-17;81100;160;87,91 z³
2011-06-28;81110;160;54,37 z³
2011-05-28;81130;160;51,14 z³
2011-01-16;81140;160;179,85 z³
2010-07-07;81170;160;13,48 z³
2014-10-11;81180;160;179,22 z³
2011-08-03;81190;160;35 462,00 z³
2013-01-07;81200;160;130,35 z³
2017-08-31;81210;160;293,71 z³
2009-09-27;81220;160;27,91 z³
2013-01-14;81230;160;21,91 z³
2011-04-09;81250;160;42 416,00 z³
2011-12-05;81260;160;41 456,00 z³
2012-09-04;81270;160;253,29 z³
2015-12-17;81280;160;14,31 z³
2016-08-16;81350;160;17 746,00 z³
2013-03-31;81900;165;21,88 z³
2014-12-04;82040;130;43 862,00 z³
2010-11-09;82050;150;201,44 z³
2009-09-11;82060;170;344,67 z³
2013-04-29;83010;160;18,43 z³
2014-09-25;83010;170;16,16 z³
2011-06-29;83020;130;66,24 z³
2011-09-23;83020;160;214,61 z³
2010-11-07;83020;170;304,70 z³
2013-07-27;83030;150;174,99 z³
2012-06-22;83050;170;409,47 z³
2011-09-03;83060;170;124,58 z³
2013-02-26;83070;170;107,94 z³
2010-07-08;84020;130;206,28 z³
2009-07-15;84020;170;129,41 z³
2009-09-26;85010;170;83,44 z³
2010-08-02;85510;170;558,00 z³
2013-11-04;86010;110;123,98 z³
2012-02-18;86010;150;196,54 z³
2015-11-02;86010;160;40,96 z³
2015-08-18;86010;165;42 917,00 z³
2015-10-02;86010;170;43 647,00 z³
2011-11-20;86020;150;65,71 z³
2012-11-27;86030;110;46 419,00 z³
2017-07-08;86030;150;16,19 z³
2011-12-14;86040;110;559,56 z³
2010-03-10;86040;150;322,07 z³
2009-12-23;86050;110;312,81 z³
2013-08-06;86050;150;57,23 z³
2010-08-09;86050;160;71,55 z³
2012-08-20;86090;160;45,00 z³
2010-10-05;86100;110;155,67 z³
2016-04-20;86100;150;177,34 z³
2015-05-13;86100;160;48,97 z³
2013-04-21;86100;170;136,74 z³
2017-03-14;86180;140;42 660,00 z³
2011-02-01;86180;160;29,17 z³
2013-01-03;86200;150;26,50 z³
2009-11-14;86200;160;66,40 z³
2011-11-23;86260;120;48,92 z³
2014-04-14;86270;150;40,87 z³
2013-04-05;86280;150;53,94 z³
2012-11-28;86290;150;33,67 z³
2013-04-24;86310;150;40,46 z³
2016-07-02;86330;150;90,02 z³
2012-01-29;86350;150;18,45 z³
2010-08-29;86360;150;254,54 z³
2014-09-30;86400;170;0,03 z³
2015-12-10;86450;170;94,65 z³
2014-09-26;61510;150;18,74 z³
2011-03-27;61520;150;39,65 z³
2010-05-30;61530;150;23 193,00 z³
2012-06-29;61540;150;0,21 z³
2010-09-10;61550;150;34,57 z³
2015-05-11;61560;150;0,97 z³
2013-06-30;61570;150;55,47 z³
2016-07-02;62010;150;220,28 z³
2011-04-09;62020;150;68,51 z³
2014-09-10;62099;150;12 206,00 z³
2011-03-04;62510;120;40,85 z³
2012-11-19;62520;120;29,68 z³
2016-10-07;62530;120;18 295,00 z³
2016-01-10;62550;120;16 589,00 z³
2012-06-20;62560;120;0,33 z³
2012-07-11;63050;150;42 491,00 z³
2010-12-12;64000;150;134,47 z³
2017-01-03;64010;150;32 752,00 z³
2013-08-23;64020;150;12 844,00 z³
2009-10-10;65540;110;49,22 z³
2010-06-24;65550;110;46 539,00 z³
2015-02-28;65590;110;42 430,00 z³
2015-04-04;65600;110;29 129,00 z³
2010-12-23;65610;110;33 635,00 z³
2012-07-22;65690;110;16 346,00 z³
2014-12-08;65700;110;15 036,00 z³
2013-06-29;65710;110;455,17 z³
2011-06-26;65730;110;42 339,00 z³
2012-05-25;65740;110;335,23 z³
2010-11-28;65750;110;515,55 z³
2015-07-16;65760;110;42 556,00 z³
2013-12-07;66010;130;0,56 z³
2012-07-08;66020;130;15 189,00 z³
2010-07-27;66030;130;0,46 z³
2015-10-28;66040;130;0,73 z³
2011-02-18;66050;130;33,01 z³
2014-02-01;66070;130;0,87 z³
2015-12-21;66080;130;0,61 z³
2013-08-04;66100;130;13 606,00 z³
2011-02-19;66110;130;0,49 z³
2011-09-23;66120;130;29 952,00 z³
2015-09-06;66130;130;59,23 z³
2009-11-01;66510;140;24 563,00 z³
2009-12-29;66520;140;33 635,00 z³
2009-09-04;66530;140;42 430,00 z³
2014-11-07;68050;170;42 431,00 z³
2011-09-14;61510;150;24,99 z³
2013-09-12;61520;150;52,87 z³
2015-08-11;61530;150;43 374,00 z³
2012-12-10;61540;150;0,28 z³
2013-11-18;61550;150;46,10 z³
2014-01-19;61560;150;47 119,00 z³
2013-11-07;61570;150;73,95 z³
2011-12-23;62010;150;293,71 z³
2010-03-30;62020;150;91,35 z³
2013-03-06;62099;150;16 285,00 z³
2010-01-09;62510;120;54,47 z³
2016-11-07;62520;120;39,57 z³
2011-08-21;62530;120;12 479,00 z³
2013-08-16;62550;120;22 494,00 z³
2010-12-27;62560;120;0,44 z³
2011-03-11;63050;150;32 660,00 z³
2012-03-07;64000;150;179,29 z³
2012-07-01;64010;150;13,18 z³
2014-12-05;64020;150;17 258,00 z³
2014-11-15;65540;110;65,63 z³
2014-04-30;65550;110;13 363,00 z³
2016-05-03;65590;110;44 287,00 z³
2010-01-29;65600;110;14,39 z³
2014-09-28;65610;110;32 568,00 z³
2016-10-03;65690;110;13,92 z³
2014-04-26;65700;110;20 180,00 z³
2011-03-29;65710;110;606,89 z³
2009-07-07;65730;110;16,20 z³
2013-10-19;65740;110;446,97 z³
2013-06-02;65750;110;687,41 z³
2015-05-10;65760;110;27 912,00 z³
2010-10-06;66010;130;0,75 z³
2013-10-09;66020;130;44 501,00 z³
2015-10-30;66030;130;0,62 z³
2012-11-23;66040;130;0,97 z³
2010-04-14;66050;130;44,01 z³
2013-05-13;66070;130;42 736,00 z³
2011-04-06;66080;130;0,81 z³
2013-07-01;66100;130;30 437,00 z³
2013-12-19;66110;130;0,65 z³
2015-02-21;66120;130;15 738,00 z³
2013-01-22;66130;130;78,98 z³
2009-10-07;66510;140;45 078,00 z³
2015-07-09;66520;140;32 568,00 z³
2011-11-21;66530;140;44 287,00 z³
2015-08-02;68050;170;25 600,00 z³
2009-11-29;61510;150;21,25 z³
2013-09-07;61520;150;44,95 z³
2014-03-15;61530;150;24 320,00 z³
2010-08-27;61540;150;0,24 z³
2010-06-16;61550;150;39,20 z³
2017-03-17;61560;150;42 644,00 z³
2011-12-30;61570;150;62,88 z³
2009-07-11;62010;150;249,74 z³
2017-08-14;62020;150;77,67 z³
2016-10-17;62099;150;43 282,00 z³
2013-08-02;62510;120;46,32 z³
2017-05-06;62520;120;33,65 z³
2014-01-09;62530;120;30 713,00 z³
2009-12-12;62550;120;11 871,00 z³
2013-11-19;62560;120;0,37 z³
2012-11-28;63050;150;31 168,00 z³
2016-03-08;64000;150;152,45 z³
2016-07-10;64010;150;44 501,00 z³
2015-12-25;64020;150;29 281,00 z³
2012-10-22;65540;110;55,80 z³
2014-03-19;65550;110;42 681,00 z³
2012-12-10;65590;110;21 245,00 z³
2011-10-04;65600;110;45 261,00 z³
2015-01-09;65610;110;11 383,00 z³
2013-12-25;65690;110;30 621,00 z³
2011-11-10;65700;110;31 472,00 z³
2015-05-19;65710;110;516,05 z³
2015-01-24;65730;110;13,78 z³
2014-07-27;65740;110;380,06 z³
2009-09-19;65750;110;584,51 z³
2012-09-03;65760;110;27 515,00 z³
2017-02-04;66010;130;0,63 z³
2011-04-04;66020;130;19 603,00 z³
2015-03-20;66030;130;0,52 z³
2011-08-13;66040;130;0,83 z³
2016-11-08;66050;130;37,42 z³
2010-07-25;66070;130;0,99 z³
2015-09-12;66080;130;0,69 z³
2015-07-28;66100;130;35 156,00 z³
2014-10-01;66110;130;0,55 z³
2014-08-20;66120;130;42 553,00 z³
2014-04-05;66130;130;67,15 z³
2015-01-20;66510;140;11 079,00 z³
2012-07-26;66520;140;11 383,00 z³
2012-01-02;66530;140;21 245,00 z³
2011-09-28;68050;170;10 990,00 z³
2010-10-13;61510;150;19,78 z³
2016-08-27;61520;150;41,85 z³
2016-07-23;61530;150;42 529,00 z³
2012-08-11;61540;150;0,22 z³
2013-10-08;61550;150;36,49 z³
2017-05-23;61560;150;42 401,00 z³
2010-08-08;61570;150;58,55 z³
2016-09-03;62010;150;232,52 z³
2013-03-04;62020;150;72,32 z³
2012-05-09;62099;150;24 990,00 z³
2015-02-14;62510;120;43,12 z³
2015-08-26;62520;120;31,33 z³
2012-06-24;62530;120;23 408,00 z³
2010-01-09;62550;120;29 738,00 z³
2012-11-23;62560;120;0,35 z³
2014-12-23;63050;150;16 558,00 z³
2016-11-26;64000;150;141,94 z³
2011-09-13;64010;150;15 980,00 z³
2017-08-24;64020;150;19 784,00 z³
2010-10-26;65540;110;51,96 z³
2012-03-30;65550;110;22 798,00 z³
2012-01-06;65590;110;12 114,00 z³
2017-04-19;65600;110;14 550,00 z³
2010-03-11;65610;110;42 585,00 z³
2012-12-15;65690;110;42 411,00 z³
2015-11-20;65700;110;21 976,00 z³
2012-04-28;65710;110;480,46 z³
2016-10-15;65730;110;30 651,00 z³
2016-10-29;65740;110;353,85 z³
2015-12-06;65750;110;544,20 z³
2010-07-22;65760;110;13 271,00 z³
2012-06-08;66010;130;0,59 z³
2016-02-03;66020;130;31 990,00 z³
2016-12-07;66030;130;0,49 z³
2009-10-28;66040;130;0,77 z³
2011-07-02;66050;130;34,84 z³
2011-03-12;66070;130;0,92 z³
2011-12-31;66080;130;0,64 z³
2016-03-13;66100;130;22 737,00 z³
2010-09-27;66110;130;0,51 z³
2015-04-26;66120;130;33 604,00 z³
2009-10-11;66130;130;62,52 z³
2009-10-30;66510;140;34 060,00 z³
2016-09-04;66520;140;42 585,00 z³
2011-04-13;66530;140;12 114,00 z³
2012-06-15;68050;170;41 671,00 z³
2016-12-11;61510;150;19,78 z³
2015-12-21;61520;150;41,85 z³
2016-05-05;61530;150;42 529,00 z³
2011-09-11;61540;150;0,22 z³
2011-12-23;61550;150;36,49 z³
2013-11-09;61560;150;42 401,00 z³
2013-06-17;61570;150;58,55 z³
2010-04-27;62010;150;232,52 z³
2010-06-18;62020;150;72,32 z³
2013-10-10;62099;150;24 990,00 z³
2011-05-04;62510;120;43,12 z³
2011-04-10;62520;120;31,33 z³
2015-04-22;62530;120;23 408,00 z³
2011-11-06;62550;120;29 738,00 z³
2013-09-04;62560;120;0,35 z³
2011-08-05;63050;150;16 558,00 z³
2015-11-15;64000;150;141,94 z³
2010-04-05;64010;150;15 980,00 z³
2016-01-25;64020;150;19 784,00 z³
2013-09-04;65540;110;51,96 z³
2014-11-02;65550;110;22 798,00 z³
2010-10-17;65590;110;12 114,00 z³
2011-02-11;65600;110;14 550,00 z³
2012-12-05;65610;110;42 585,00 z³
2010-03-03;65690;110;42 411,00 z³
2016-02-13;65700;110;21 976,00 z³
2017-02-04;65710;110;480,46 z³
2014-02-23;65730;110;30 651,00 z³
2010-06-24;65740;110;353,85 z³
2012-09-10;65750;110;544,20 z³
2010-03-19;65760;110;13 271,00 z³
2015-11-17;66010;130;0,59 z³
2010-09-02;66020;130;31 990,00 z³
2014-07-23;66030;130;0,49 z³
2013-02-26;66040;130;0,77 z³
2015-02-20;66050;130;34,84 z³
2009-11-10;66070;130;0,92 z³
2013-12-19;66080;130;0,64 z³
2011-04-28;66100;130;22 737,00 z³
2015-05-24;66110;130;0,51 z³
2011-07-09;66120;130;33 604,00 z³
2009-07-25;66130;130;62,52 z³
2011-07-20;66510;140;34 060,00 z³
2009-08-30;66520;140;42 585,00 z³
2016-12-10;66530;140;12 114,00 z³
2011-12-09;68050;170;41 671,00 z³
2016-09-12;61510;150;19,78 z³
2013-09-07;61520;150;41,85 z³
2012-01-27;61530;150;42 529,00 z³
2010-07-18;61540;150;0,22 z³
2015-12-09;61550;150;36,49 z³
2013-02-04;61560;150;42 401,00 z³
2014-10-13;61570;150;58,55 z³
2011-11-09;62010;150;232,52 z³
2011-02-19;62020;150;72,32 z³
2011-05-13;62099;150;24 990,00 z³
2013-03-15;62510;120;43,12 z³
2015-03-05;62520;120;31,33 z³
2014-07-29;62530;120;23 408,00 z³
2017-07-17;62550;120;29 738,00 z³
2015-04-29;62560;120;0,35 z³
2011-05-13;63050;150;16 558,00 z³
2011-09-12;64000;150;141,94 z³
2010-10-08;64010;150;15 980,00 z³
2014-07-09;64020;150;19 784,00 z³
2011-08-04;65540;110;51,96 z³
2017-03-09;65550;110;22 798,00 z³
2011-10-09;65590;110;12 114,00 z³
2011-11-22;65600;110;14 550,00 z³
2015-04-13;65610;110;42 585,00 z³
2015-09-29;65690;110;42 411,00 z³
2011-01-29;65700;110;21 976,00 z³
2013-12-15;65710;110;480,46 z³
2016-10-06;65730;110;30 651,00 z³
2009-07-25;65740;110;353,85 z³
2011-12-31;65750;110;544,20 z³
2014-03-29;65760;110;13 271,00 z³
2013-11-21;66010;130;0,59 z³
2016-11-02;66020;130;31 990,00 z³
2012-05-09;66030;130;0,49 z³
2012-01-26;66040;130;0,77 z³
2015-03-05;66050;130;34,84 z³
2013-02-01;66070;130;0,92 z³
2011-12-18;66080;130;0,64 z³
2009-10-11;66100;130;22 737,00 z³
2016-08-06;66110;130;0,51 z³
2013-10-09;66120;130;33 604,00 z³
2013-04-06;66130;130;62,52 z³
2013-10-14;66510;140;34 060,00 z³
2015-05-10;66520;140;42 585,00 z³
2010-11-01;66530;140;12 114,00 z³
2010-02-08;68050;170;41 671,00 z³
2015-02-23;61510;150;19,78 z³
2009-11-22;61520;150;41,85 z³
2016-04-15;61530;150;42 529,00 z³
2016-12-09;61540;150;0,22 z³
2011-07-12;61550;150;36,49 z³
2017-02-07;61560;150;42 401,00 z³
2016-01-10;61570;150;58,55 z³
2013-05-21;62010;150;232,52 z³
2010-05-23;62020;150;72,32 z³
2015-09-04;62099;150;24 990,00 z³
2011-01-08;62510;120;43,12 z³
2016-08-08;62520;120;31,33 z³
2017-09-20;62530;120;23 408,00 z³
2010-10-14;62550;120;29 738,00 z³
2016-11-06;62560;120;0,35 z³
2014-10-10;63050;150;16 558,00 z³
2012-05-21;64000;150;141,94 z³
2012-09-28;64010;150;15 980,00 z³
2009-07-13;64020;150;19 784,00 z³
2013-02-18;65540;110;51,96 z³
2012-08-13;65550;110;22 798,00 z³
2014-12-09;65590;110;12 114,00 z³
2010-07-05;65600;110;14 550,00 z³
2016-05-06;65610;110;42 585,00 z³
2009-11-28;65690;110;42 411,00 z³
2009-09-28;65700;110;21 976,00 z³
2010-09-16;65710;110;480,46 z³
2014-05-21;65730;110;30 651,00 z³
2012-12-17;65740;110;353,85 z³
2013-11-26;65750;110;544,20 z³
2016-09-28;65760;110;13 271,00 z³
2015-09-04;66010;130;0,59 z³
2013-02-17;66020;130;31 990,00 z³
2013-01-18;66030;130;0,49 z³
2014-09-24;66040;130;0,77 z³
2015-06-20;66050;130;34,84 z³
2014-04-21;66070;130;0,92 z³
2012-11-03;66080;130;0,64 z³
2011-05-20;66100;130;22 737,00 z³
2014-04-04;66110;130;0,51 z³
2010-03-31;66120;130;33 604,00 z³
2015-07-22;66130;130;62,52 z³
2017-07-01;66510;140;34 060,00 z³
2015-06-11;66520;140;42 585,00 z³
2014-07-09;66530;140;12 114,00 z³
2014-02-09;68050;170;41 671,00 z³
2009-11-27;71010;120;421,60 z³
2012-09-12;71020;120;142,83 z³
2013-08-19;71030;120;42 422,00 z³
2010-08-04;71050;120;74,14 z³
2014-07-25;71060;120;40,16 z³
2011-06-28;71070;120;28 522,00 z³
2017-05-02;71160;150;44 136,00 z³
2015-06-21;71170;150;87,44 z³
2015-07-22;71180;150;14 946,00 z³
2014-03-04;71190;150;39,63 z³
2011-02-01;71200;150;86,84 z³
2012-11-08;71240;150;250,96 z³
2013-08-08;71299;150;26 573,00 z³
2012-05-17;71310;150;735,76 z³
2012-10-16;71325;150;350,46 z³
2014-06-13;71550;150;79,85 z³
2012-04-28;71560;150;19 633,00 z³
2009-10-29;71900;170;18,30 z³
2012-02-25;72010;110; 1,271,40  
2016-03-31;72020;110; 2,157,70  
2017-05-12;72050;140;123,31 z³
2014-05-18;72060;150; 1,785,64  
2011-04-25;72070;150; 2,073,48  
2014-01-31;72090;150;511,23 z³
2015-07-24;72110;160; 2,069,52  
2011-01-21;72120;160; 1,896,95  
2015-12-10;72140;160;827,25 z³
2010-01-06;72150;165;890,19 z³
2015-09-04;72160;170;787,19 z³
2009-10-30;72340;110;483,36 z³
2011-01-06;72340;150;44 501,00 z³
2016-06-04;72340;160;125,59 z³
2012-07-23;72340;165;30,21 z³
2016-05-25;72999;150;197,13 z³
2014-05-14;73010;110;332,81 z³
2012-07-23;73010;140;42 588,00 z³
2013-05-04;73010;150;309,47 z³
2012-12-02;73010;160;467,37 z³
2015-11-09;73010;165;98,55 z³
2011-03-22;73010;170;15,65 z³
2012-04-08;73020;110;172,93 z³
2017-03-21;73020;140;42 463,00 z³
2017-01-06;73020;150;180,63 z³
2017-02-01;73020;160;237,67 z³
2016-03-15;73020;165;50,26 z³
2010-08-03;73020;170;29,26 z³
2014-11-19;73030;110;357,64 z³
2011-02-05;73030;150;218,47 z³
2015-02-18;73030;160;387,95 z³
2017-02-16;73030;165;82,44 z³
2017-01-13;73030;170;32,31 z³
2009-11-11;73040;110;126,54 z³
2016-12-16;73040;150;98,04 z³
2010-05-06;73040;160;95,76 z³
2015-04-02;73040;165;30,78 z³
2012-06-02;73050;110;57,28 z³
2011-08-23;73050;140;41 640,00 z³
2009-11-17;73050;150;58,58 z³
2015-11-23;73050;160;76,66 z³
2015-03-14;73050;165;15 676,00 z³
2015-07-05;73050;170;31 199,00 z³
2015-04-21;80990;110; 2,537,78  
2011-06-22;81010;160;81,70 z³
2017-02-04;81050;160;381,37 z³
2012-02-16;81090;160;126,94 z³
2011-03-01;81100;160;92,79 z³
2016-07-15;81110;160;57,39 z³
2013-12-19;81130;160;53,98 z³
2010-01-18;81140;160;189,84 z³
2016-07-13;81170;160;14,23 z³
2017-04-16;81180;160;189,17 z³
2009-08-06;81190;160;41 699,00 z³
2011-03-28;81200;160;137,59 z³
2017-02-17;81210;160;310,03 z³
2010-06-24;81220;160;29,46 z³
2013-03-14;81230;160;23,13 z³
2017-02-26;81250;160;16,91 z³
2009-11-16;81260;160;19 176,00 z³
2016-01-16;81270;160;267,36 z³
2011-04-01;81280;160;42 689,00 z³
2013-12-29;81350;160;34 912,00 z³
2010-09-02;81900;165;42 666,00 z³
2011-11-25;82040;130;11 720,00 z³
2017-01-02;82050;150;212,63 z³
2016-12-19;82060;170;363,82 z³
2015-01-13;83010;160;19,46 z³
2013-06-23;83010;170;42 507,00 z³
2017-04-10;83020;130;69,92 z³
2014-05-06;83020;160;226,53 z³
2015-09-25;83020;170;321,63 z³
2010-10-21;83030;150;184,71 z³
2010-02-02;83050;170;432,22 z³
2014-02-22;83060;170;131,50 z³
2011-04-07;83070;170;113,94 z³
2012-10-20;84020;130;217,74 z³
2009-07-25;84020;170;136,60 z³
2010-04-23;85010;170;88,08 z³
2011-12-26;85510;170;589,00 z³
2016-10-14;86010;110;130,87 z³
2016-12-23;86010;150;207,46 z³
2016-05-22;86010;160;43,24 z³
2015-07-12;86010;165;21 002,00 z³
2010-01-22;86010;170;21 732,00 z³
2012-10-08;86020;150;69,36 z³
2017-09-10;86030;110;14 277,00 z³
2011-03-11;86030;150;42 599,00 z³
2013-04-18;86040;110;590,65 z³
2010-05-01;86040;150;339,97 z³
2015-09-03;86050;110;330,18 z³
2014-11-17;86050;150;60,41 z³
2013-02-20;86050;160;75,52 z³
2014-09-26;86090;160;47,50 z³
2015-04-23;86100;110;164,31 z³
2009-08-02;86100;150;187,19 z³
2012-08-22;86100;160;51,69 z³
2015-04-09;86100;170;144,34 z³
2011-12-23;86180;140;42 508,00 z³
2014-10-08;86180;160;30,80 z³
2009-08-24;86200;150;27,98 z³
2014-03-28;86200;160;70,09 z³
2016-09-07;86260;120;51,64 z³
2010-05-13;86270;150;43,15 z³
2015-03-09;86280;150;56,94 z³
2015-12-12;86290;150;35,54 z³
2017-03-09;86310;150;42,71 z³
2014-04-09;86330;150;95,02 z³
2011-04-24;86350;150;19,47 z³
2014-02-19;86360;150;268,68 z³
2011-01-04;86400;170;0,03 z³
2012-05-31;86450;170;99,91 z³
2016-04-18;61510;150;19,78 z³
2010-08-02;61520;150;41,85 z³
2012-01-19;61530;150;42 529,00 z³
2013-03-15;61540;150;0,22 z³
2010-01-28;61550;150;36,49 z³
2012-06-08;61560;150;42 401,00 z³
2011-04-25;61570;150;58,55 z³
2014-07-24;62010;150;232,52 z³
2017-05-20;62020;150;72,32 z³
2013-09-10;62099;150;24 990,00 z³
2013-04-18;62510;120;43,12 z³
2012-09-25;62520;120;31,33 z³
2017-03-26;62530;120;23 408,00 z³
2015-02-04;62550;120;29 738,00 z³
2015-05-07;62560;120;0,35 z³
2015-07-27;63050;150;16 558,00 z³
2010-01-03;64000;150;141,94 z³
2014-02-14;64010;150;15 980,00 z³
2011-05-15;64020;150;19 784,00 z³
2016-05-24;65540;110;51,96 z³
2016-10-09;65550;110;22 798,00 z³
2009-08-07;65590;110;12 114,00 z³
2016-03-13;65600;110;14 550,00 z³
2012-07-05;65610;110;42 585,00 z³
2010-10-17;65690;110;42 411,00 z³
2009-08-30;65700;110;21 976,00 z³
2011-12-08;65710;110;480,46 z³
2013-09-04;65730;110;30 651,00 z³
2013-01-29;65740;110;353,85 z³
2011-12-16;65750;110;544,20 z³
2010-03-15;65760;110;13 271,00 z³
2017-08-19;66010;130;0,59 z³
2015-01-11;66020;130;31 990,00 z³
2014-07-25;66030;130;0,49 z³
2017-02-24;66040;130;0,77 z³
2017-09-12;66050;130;34,84 z³
2016-10-15;66070;130;0,92 z³
2012-03-16;66080;130;0,64 z³
2011-11-10;66100;130;22 737,00 z³
2010-04-28;66110;130;0,51 z³
2014-09-18;66120;130;33 604,00 z³
2013-10-18;66130;130;62,52 z³
2012-01-06;66510;140;34 060,00 z³
2010-05-05;66520;140;42 585,00 z³
2013-10-20;66530;140;12 114,00 z³
2015-06-19;68050;170;41 671,00 z³
2010-01-09;61510;150;26,38 z³
2009-12-05;61520;150;55,80 z³
2014-09-30;61530;150;27 303,00 z³
2009-12-23;61540;150;0,29 z³
2017-01-27;61550;150;48,66 z³
2009-11-06;61560;150;13 516,00 z³
2009-09-19;61570;150;78,06 z³
2015-06-11;62010;150;310,02 z³
2013-12-31;62020;150;96,42 z³
2014-11-21;62099;150;33 451,00 z³
2014-10-21;62510;120;57,50 z³
2016-07-06;62520;120;41,77 z³
2013-03-11;62530;120;19 054,00 z³
2012-01-29;62550;120;42 622,00 z³
2010-01-02;62560;120;0,46 z³
2011-08-08;63050;150;46 569,00 z³
2016-11-05;64000;150;189,25 z³
2010-04-01;64010;150;13,91 z³
2013-06-10;64020;150;26 024,00 z³
2014-05-30;65540;110;69,27 z³
2011-06-14;65550;110;30 164,00 z³
2016-06-18;65590;110;16 528,00 z³
2016-02-19;65600;110;15,18 z³
2011-10-02;65610;110;42 647,00 z³
2009-12-03;65690;110;14,69 z³
2011-06-25;65700;110;29 312,00 z³
2012-07-11;65710;110;640,61 z³
2015-04-06;65730;110;42 660,00 z³
2014-05-30;65740;110;471,80 z³
2016-02-03;65750;110;725,59 z³
2015-09-06;65760;110;41 821,00 z³
2014-02-19;66010;130;0,79 z³
2010-01-07;66020;130;30 621,00 z³
2017-02-01;66030;130;0,65 z³
2014-10-24;66040;130;42 430,00 z³
2017-09-21;66050;130;46,46 z³
2014-06-01;66070;130;44 927,00 z³
2012-12-06;66080;130;0,86 z³
2017-08-22;66100;130;42 522,00 z³
2015-03-21;66110;130;0,68 z³
2011-07-14;66120;130;20 852,00 z³
2016-03-01;66130;130;83,36 z³
2016-09-01;66510;140;21 337,00 z³
2015-03-13;66520;140;42 647,00 z³
2013-04-16;66530;140;16 528,00 z³
2010-12-01;68050;170;31 079,00 z³
2016-07-29;61510;150;22,37 z³
2013-06-30;61520;150;47,32 z³
2011-08-18;61530;150;42 683,00 z³
2010-04-17;61540;150;0,25 z³
2016-05-06;61550;150;41,26 z³
2012-07-06;61560;150;42 370,00 z³
2012-04-12;61570;150;66,19 z³
2014-08-22;62010;150;262,89 z³
2009-11-08;62020;150;81,76 z³
2016-11-26;62099;150;20 637,00 z³
2016-01-22;62510;120;48,76 z³
2016-12-31;62520;120;35,42 z³
2016-12-10;62530;120;36 192,00 z³
2015-07-10;62550;120;25 750,00 z³
2012-04-24;62560;120;0,39 z³
2017-01-26;63050;150;42 522,00 z³
2015-02-25;64000;150;160,48 z³
2011-07-08;64010;150;29 526,00 z³
2015-07-31;64020;150;4,00 z³
2014-09-06;65540;110;58,74 z³
2012-09-11;65550;110;17 715,00 z³
2013-01-23;65590;110;28 185,00 z³
2014-12-30;65600;110;32 478,00 z³
2016-03-04;65610;110;17 593,00 z³
2012-08-02;65690;110;17 137,00 z³
2014-10-21;65700;110;42 555,00 z³
2014-05-02;65710;110;543,21 z³
2010-10-21;65730;110;14,50 z³
2015-10-31;65740;110;400,06 z³
2010-06-05;65750;110;615,27 z³
2016-05-18;65760;110;42 527,00 z³
2015-04-05;66010;130;0,67 z³
2012-06-02;66020;130;42 439,00 z³
2010-09-13;66030;130;0,55 z³
2016-12-14;66040;130;0,87 z³
2016-11-05;66050;130;39,39 z³
2015-02-09;66070;130;42 461,00 z³
2011-03-26;66080;130;0,73 z³
2011-05-30;66100;130;44 682,00 z³
2016-01-30;66110;130;0,58 z³
2014-05-15;66120;130;43 132,00 z³
2017-06-07;66130;130;70,69 z³
2015-10-28;66510;140;21 306,00 z³
2013-06-22;66520;140;17 593,00 z³
2015-07-29;66530;140;28 185,00 z³
2016-11-05;68050;170;15 373,00 z³
2009-12-24;61510;150;20,82 z³
2016-10-28;61520;150;44,06 z³
2016-04-14;61530;150;17 746,00 z³
2009-10-09;61540;150;0,23 z³
2014-06-12;61550;150;38,41 z³
2015-08-01;61560;150;42 583,00 z³
2012-09-25;61570;150;61,63 z³
2013-09-17;62010;150;244,76 z³
2017-06-11;62020;150;76,12 z³
2016-12-18;62099;150;42 436,00 z³
2012-12-13;62510;120;45,39 z³
2014-10-07;62520;120;32,98 z³
2016-09-02;62530;120;28 522,00 z³
2014-09-22;62550;120;42 917,00 z³
2015-02-02;62560;120;0,37 z³
2015-09-16;63050;150;27 150,00 z³
2017-06-20;64000;150;149,41 z³
2009-08-27;64010;150;36 069,00 z³
2010-07-06;64020;150;26 359,00 z³
2017-01-17;65540;110;54,69 z³
2015-05-03;65550;110;35 582,00 z³
2017-08-09;65590;110;18 688,00 z³
2017-08-15;65600;110;36 465,00 z³
2013-08-04;65610;110;45 352,00 z³
2013-03-26;65690;110;22 221,00 z³
2017-02-21;65700;110;28 915,00 z³
2012-12-26;65710;110;505,74 z³
2012-07-16;65730;110;13,50 z³
2014-01-26;65740;110;372,47 z³
2015-01-16;65750;110;572,84 z³
2011-05-26;65760;110;23 498,00 z³
2015-08-02;66010;130;0,62 z³
2013-11-02;66020;130;12 663,00 z³
2013-08-08;66030;130;0,51 z³
2014-08-31;66040;130;0,81 z³
2010-09-20;66050;130;36,67 z³
2013-06-20;66070;130;0,97 z³
2010-10-14;66080;130;0,68 z³
2016-03-05;66100;130;31 503,00 z³
2012-12-16;66110;130;0,54 z³
2013-11-12;66120;130;42 431,00 z³
2016-02-25;66130;130;65,81 z³
2016-12-28;66510;140;43 586,00 z³
2010-08-16;66520;140;45 352,00 z³
2016-12-29;66530;140;18 688,00 z³
2012-09-14;68050;170;45 689,00 z³
2013-08-25;61510;150;20,82 z³
2016-03-26;61520;150;44,06 z³
2010-08-20;61530;150;17 746,00 z³
2017-03-15;61540;150;0,23 z³
2016-03-26;61550;150;38,41 z³
2015-07-23;61560;150;42 583,00 z³
2011-04-25;61570;150;61,63 z³
2013-06-09;62010;150;244,76 z³
2016-05-20;62020;150;76,12 z³
2011-09-14;62099;150;42 436,00 z³
2014-04-16;62510;120;45,39 z³
2013-11-25;62520;120;32,98 z³
2009-10-30;62530;120;28 522,00 z³
2013-02-15;62550;120;42 917,00 z³
2010-09-25;62560;120;0,37 z³
2009-09-12;63050;150;27 150,00 z³
2015-11-16;64000;150;149,41 z³
2010-11-23;64010;150;36 069,00 z³
2010-11-22;64020;150;26 359,00 z³
2011-04-05;65540;110;54,69 z³
2015-08-18;65550;110;35 582,00 z³
2015-02-10;65590;110;18 688,00 z³
2013-04-18;65600;110;36 465,00 z³
2014-08-25;65610;110;45 352,00 z³
2012-11-10;65690;110;22 221,00 z³
2015-10-09;65700;110;28 915,00 z³
2010-05-29;65710;110;505,74 z³
2015-04-16;65730;110;13,50 z³
2017-06-02;65740;110;372,47 z³
2016-04-29;65750;110;572,84 z³
2012-11-12;65760;110;23 498,00 z³
2011-09-10;66010;130;0,62 z³
2015-02-25;66020;130;12 663,00 z³
2011-03-29;66030;130;0,51 z³
2012-03-04;66040;130;0,81 z³
2017-07-06;66050;130;36,67 z³
2012-09-21;66070;130;0,97 z³
2011-06-04;66080;130;0,68 z³
2014-03-14;66100;130;31 503,00 z³
2016-10-26;66110;130;0,54 z³
2010-01-06;66120;130;42 431,00 z³
2012-09-14;66130;130;65,81 z³
2012-03-27;66510;140;43 586,00 z³
2012-05-13;66520;140;45 352,00 z³
2013-06-26;66530;140;18 688,00 z³
2013-04-19;68050;170;45 689,00 z³
2013-02-21;61510;150;20,82 z³
2017-09-08;61520;150;44,06 z³
2011-01-30;61530;150;17 746,00 z³
2010-07-22;61540;150;0,23 z³
2009-07-12;61550;150;38,41 z³
2015-05-28;61560;150;42 583,00 z³
2012-04-21;61570;150;61,63 z³
2016-11-27;62010;150;244,76 z³
2010-10-26;62020;150;76,12 z³
2013-10-04;62099;150;42 436,00 z³
2012-12-19;62510;120;45,39 z³
2017-06-04;62520;120;32,98 z³
2014-02-18;62530;120;28 522,00 z³
2013-10-18;62550;120;42 917,00 z³
2017-05-17;62560;120;0,37 z³
2009-08-16;63050;150;27 150,00 z³
2011-11-26;64000;150;149,41 z³
2016-09-29;64010;150;36 069,00 z³
2012-02-19;64020;150;26 359,00 z³
2011-12-25;65540;110;54,69 z³
2011-01-01;65550;110;35 582,00 z³
2012-08-05;65590;110;18 688,00 z³
2014-11-25;65600;110;36 465,00 z³
2015-09-17;65610;110;45 352,00 z³
2016-11-17;65690;110;22 221,00 z³
2011-05-10;65700;110;28 915,00 z³
2015-02-16;65710;110;505,74 z³
2016-12-14;65730;110;13,50 z³
2015-12-06;65740;110;372,47 z³
2010-10-09;65750;110;572,84 z³
2014-07-20;65760;110;23 498,00 z³
2016-04-12;66010;130;0,62 z³
2012-12-13;66020;130;12 663,00 z³
2015-08-11;66030;130;0,51 z³
2015-08-04;66040;130;0,81 z³
2012-07-04;66050;130;36,67 z³
2013-10-02;66070;130;0,97 z³
2012-03-30;66080;130;0,68 z³
2017-05-16;66100;130;31 503,00 z³
2015-06-02;66110;130;0,54 z³
2013-12-19;66120;130;42 431,00 z³
2009-11-04;66130;130;65,81 z³
2015-12-06;66510;140;43 586,00 z³
2012-04-14;66520;140;45 352,00 z³
2009-08-23;66530;140;18 688,00 z³
2010-03-06;68050;170;45 689,00 z³
2014-03-19;61510;150;20,82 z³
2015-01-05;61520;150;44,06 z³
2013-02-28;61530;150;17 746,00 z³
2011-07-21;61540;150;0,23 z³
2010-12-25;61550;150;38,41 z³
2016-11-13;61560;150;42 583,00 z³
2012-08-10;61570;150;61,63 z³
2010-01-30;62010;150;244,76 z³
2017-08-24;62020;150;76,12 z³
2010-02-11;62099;150;42 436,00 z³
2010-02-20;62510;120;45,39 z³
2017-02-27;62520;120;32,98 z³
2015-12-09;62530;120;28 522,00 z³
2012-12-26;62550;120;42 917,00 z³
2014-11-21;62560;120;0,37 z³
2011-03-05;63050;150;27 150,00 z³
2015-09-13;64000;150;149,41 z³
2010-07-31;64010;150;36 069,00 z³
2012-09-22;64020;150;26 359,00 z³
2015-02-07;65540;110;54,69 z³
2011-01-28;65550;110;35 582,00 z³
2016-01-06;65590;110;18 688,00 z³
2011-10-30;65600;110;36 465,00 z³
2009-12-20;65610;110;45 352,00 z³
2011-10-15;65690;110;22 221,00 z³
2009-08-20;65700;110;28 915,00 z³
2016-04-10;65710;110;505,74 z³
2016-05-01;65730;110;13,50 z³
2009-12-21;65740;110;372,47 z³
2011-07-22;65750;110;572,84 z³
2010-05-16;65760;110;23 498,00 z³
2014-06-13;66010;130;0,62 z³
2012-12-04;66020;130;12 663,00 z³
2010-10-29;66030;130;0,51 z³
2014-08-12;66040;130;0,81 z³
2012-07-23;66050;130;36,67 z³
2010-03-31;66070;130;0,97 z³
2014-05-30;66080;130;0,68 z³
2011-11-09;66100;130;31 503,00 z³
2015-09-20;66110;130;0,54 z³
2009-07-27;66120;130;42 431,00 z³
2014-06-20;66130;130;65,81 z³
2015-01-01;66510;140;43 586,00 z³
2015-01-27;66520;140;45 352,00 z³
2015-05-05;66530;140;18 688,00 z³
2014-01-04;68050;170;45 689,00 z³
2016-09-27;71010;120;443,79 z³
2017-05-20;71020;120;150,34 z³
2012-10-08;71030;120;23,18 z³
2013-12-08;71050;120;78,04 z³
2014-04-15;71060;120;42,27 z³
2013-12-10;71070;120;34 001,00 z³
2011-06-23;71160;150;29 160,00 z³
2016-07-29;71170;150;92,04 z³
2010-04-16;71180;150;42 503,00 z³
2011-03-21;71190;150;41,72 z³
2014-04-02;71200;150;91,41 z³
2010-01-12;71240;150;264,16 z³
2010-12-30;71299;150;47 423,00 z³
2013-04-29;71310;150;774,48 z³
2013-08-20;71325;150;368,91 z³
2016-08-31;71550;150;84,05 z³
2011-04-23;71560;150;42 624,00 z³
2010-09-22;71900;170;19,26 z³
2010-04-20;72010;110; 1,338,32  
2014-05-30;72020;110; 2,271,26  
2014-02-10;72050;140;129,80 z³
2013-12-28;72060;150; 1,879,62  
2013-02-12;72070;150; 2,182,61  
2011-02-11;72090;150;538,14 z³
2015-12-17;72110;160; 2,178,45  
2013-01-29;72120;160; 1,996,79  
2012-03-27;72140;160;870,79 z³
2013-09-29;72150;165;937,04 z³
2011-11-26;72160;170;828,63 z³
2015-01-26;72340;110;508,80 z³
2012-01-19;72340;150;29 526,00 z³
2016-02-21;72340;160;132,20 z³
2015-01-13;72340;165;31,80 z³
2012-01-02;72999;150;207,51 z³
2010-06-10;73010;110;350,33 z³
2017-01-20;73010;140;14 763,00 z³
2014-03-30;73010;150;325,76 z³
2016-08-30;73010;160;491,97 z³
2016-08-08;73010;165;103,74 z³
2016-04-05;73010;170;16,48 z³
2015-01-22;73020;110;182,03 z³
2014-06-05;73020;140;43 891,00 z³
2009-12-11;73020;150;190,14 z³
2016-10-05;73020;160;250,18 z³
2011-09-23;73020;165;52,91 z³
2012-05-23;73020;170;30,80 z³
2016-03-18;73030;110;376,46 z³
2013-11-03;73030;150;229,97 z³
2012-02-01;73030;160;408,37 z³
2011-01-06;73030;165;86,78 z³
2011-04-04;73030;170;34,01 z³
2015-03-29;73040;110;133,20 z³
2012-11-21;73040;150;103,20 z³
2011-03-18;73040;160;100,80 z³
2012-04-09;73040;165;32,40 z³
2011-05-06;73050;110;60,29 z³
2010-10-03;73050;140;43 831,00 z³
2013-01-06;73050;150;61,66 z³
2014-07-01;73050;160;80,70 z³
2017-07-06;73050;165;42 564,00 z³
2015-08-22;73050;170;44 378,00 z³
2011-11-21;80990;110; 2,671,35  
2014-12-31;81010;160;86,00 z³
2017-04-05;81050;160;401,44 z³
2010-08-04;81090;160;133,62 z³
2009-11-04;81100;160;97,68 z³
2012-05-12;81110;160;60,41 z³
2014-04-19;81130;160;56,82 z³
2011-03-01;81140;160;199,83 z³
2012-08-18;81170;160;14,98 z³
2011-10-29;81180;160;199,13 z³
2012-09-03;81190;160;11 018,00 z³
2013-12-30;81200;160;144,83 z³
2009-08-09;81210;160;326,35 z³
2012-03-14;81220;160;42 400,00 z³
2013-12-20;81230;160;24,35 z³
2015-05-09;81250;160;17,80 z³
2016-07-30;81260;160;33 786,00 z³
2010-09-25;81270;160;281,44 z³
2011-04-14;81280;160;15,90 z³
2011-03-12;81350;160;15 950,00 z³
2014-11-26;81900;165;24,31 z³
2015-12-01;82040;130;16 103,00 z³
2015-11-25;82050;150;223,82 z³
2014-12-21;82060;170;382,97 z³
2013-01-20;83010;160;20,48 z³
2016-01-08;83010;170;17,95 z³
2012-01-04;83020;130;73,60 z³
2015-09-24;83020;160;238,45 z³
2010-06-19;83020;170;338,55 z³
2009-10-13;83030;150;194,43 z³
2012-11-21;83050;170;454,96 z³
2015-04-23;83060;170;138,42 z³
2014-06-22;83070;170;119,94 z³
2016-04-23;84020;130;229,20 z³
2012-11-17;84020;170;143,79 z³
2011-01-11;85010;170;92,71 z³
2013-06-08;85510;170;620,00 z³
2014-11-18;86010;110;137,75 z³
2014-04-08;86010;150;218,37 z³
2016-06-09;86010;160;45,51 z³
2016-04-06;86010;165;35 612,00 z³
2015-10-22;86010;170;36 342,00 z³
2011-03-03;86020;150;73,01 z³
2014-11-22;86030;110;19 025,00 z³
2017-03-07;86030;150;17,98 z³
2014-06-25;86040;110;621,74 z³
2011-01-03;86040;150;357,86 z³
2014-08-13;86050;110;347,56 z³
2014-04-18;86050;150;63,59 z³
2016-02-28;86050;160;79,50 z³
2017-06-30;86090;160;50,00 z³
2017-07-18;86100;110;172,96 z³
2016-08-27;86100;150;197,05 z³
2010-07-03;86100;160;54,41 z³
2017-08-02;86100;170;151,94 z³
2012-11-25;86180;140;19,00 z³
2011-07-24;86180;160;32,42 z³
2013-03-09;86200;150;29,45 z³
2010-03-27;86200;160;73,78 z³
2010-04-10;86260;120;54,36 z³
2012-06-30;86270;150;45,42 z³
2015-07-13;86280;150;59,93 z³
2011-12-19;86290;150;37,41 z³
2012-10-24;86310;150;44,96 z³
2012-09-01;86330;150;100,02 z³
2011-04-25;86350;150;20,50 z³
2010-05-19;86360;150;282,82 z³
2016-10-13;86400;170;0,03 z³
2014-05-17;86450;170;105,16 z³
2013-05-01;;; 89,790,94  
